attribute_id		type		locale		name
de_type_kopf_hals		list64		en_GB		type_kopf_hals
be_materiaal		list64		en_GB		materiaal
nl_climbing_rope_middlemarker		int				climbing_rope_middlemarker
uk_new_product		int				new_product
uk_CS_Womens_Specific		list64		en_GB		CS_Womens_Specific
de_type_ärmellänge		list64		en_GB		type_ärmellänge
order_realized_last_3_days		float				order_realized_last_3_days
be_meettoestellen_routebegeleiding		list64		en_GB		meettoestellen_routebegeleiding
uk_Family tents		int				Family tents
customer review count		int				customer review count
de_rabatt		int				rabatt
be_type_bike_footwear		list64		en_GB		type_bike_footwear
de_type_shirt		list64		en_GB		type_shirt
be_type_bikeclothing		list64		en_GB		type_bikeclothing
nl_lights_lumen_max		int				lights_lumen_max
product_selling_price_0250		float				product_selling_price_0250
be_type_clothing		list64		en_GB		type_clothing
uk_Family Camping		int				Family Camping
be_crankstel_bike		list64		en_GB		crankstel_bike
product_selling_price_0902		float				product_selling_price_0902
product_colour_selling_price0856		float				product_colour_selling_price0856
be_Taillering_snowboard		list64		en_GB		Taillering_snowboard
uk_Outdoor accessories		list64		en_GB		Outdoor accessories
uk_3for2_Offer		int				3for2_Offer
uk_CS_Pedals		list64		en_GB		CS_Pedals
de_type_westen		list64		en_GB		type_westen
nl_apparel_fabric_weight		int				apparel_fabric_weight
uk_v_availability		set		en_GB		v_availability
be_constructie_helm		list64		en_GB		constructie_helm
nl_climbing_crampon_maxshoesize		float				climbing_crampon_maxshoesize
be_verlichting_energiebron		list64		en_GB		verlichting_energiebron
uk_Jacket_Length		list64		en_GB		Jacket_Length
nl_v_Discount_product		list64				v_Discount_product
nl_maintenance_content		float				maintenance_content
be_stofsamenstelling_zool		list		en_GB		stofsamenstelling_zool
sales_realized_last_3_days		float				sales_realized_last_3_days
de_type_taschen		list64		en_GB		type_taschen
nl_lights_green		int				lights_green
nl_gps_auto_routing		int				gps_auto_routing
sales_qty_last_7_days		int				sales_qty_last_7_days
uk_Insulation Type		set64		en_GB		Insulation Type
de_type_trinken		list64		en_GB		type_trinken
be_Volume		text		en_GB		Volume
uk_sports_bras		int				sports_bras
nl_bikebag_pair		int				bikebag_pair
nl_climbing_rope_length		float				climbing_rope_length
be_biologisch_afbreekbaar		list64				biologisch_afbreekbaar
uk_SR_Back to School		int				SR_Back to School
nl_chair_height		int				chair_height
uk_Swimwear_type		list64		en_GB		Swimwear_type
nl_apparel_jacket_sleeve_pocket		int				apparel_jacket_sleeve_pocket
product_colour_selling_price0618		float				product_colour_selling_price0618
be_lichaamslengte_fiets		list64		en_GB		lichaamslengte_fiets
uk_CS_Jacket_Type		list64		en_GB		CS_Jacket_Type
nl_bib_topo		list64				bib_topo
uk_Dresses_&_Skirts		list64		en_GB		Dresses_&_Skirts
be_punt		text		en_GB		punt
uk_Watersports_Accessories		list64		en_GB		Watersports_Accessories
uk_SR_Tent_Type_new		list		en_GB		SR_Tent_Type_new
uk_CS_Inner_Tubes		list64		en_GB		CS_Inner_Tubes
nl_backpack_raincover_incl		int				backpack_raincover_incl
nl_stove_burningtime		int				stove_burningtime
be_type_fleece		list64		en_GB		type_fleece
de_v_saving_percentage		float				v_saving_percentage
be_type_speelgoed		list64		en_GB		type_speelgoed
be_voorvork_geveerd		list64		en_GB		voorvork_geveerd
nl_tent_outertent_height		float				tent_outertent_height
de_seile_halle		int				seile_halle
be_meettoestellen_livetracking		list64		en_GB		meettoestellen_livetracking
nl_climbing_rope_staticstretch		float				climbing_rope_staticstretch
nl_bottles_leakproof		int				bottles_leakproof
be_materiaal_trolley		list64		en_GB		materiaal_trolley
be_formaat_reistas		list64		en_GB		formaat_reistas
de_zelt_außenzelt_b		int				zelt_außenzelt_b
be_ski_materiaal_liner		text		en_GB		ski_materiaal_liner
buyinggroup_l4_code		list				buyinggroup_l4_code
nl_helm_neckroll		int				helm_neckroll
sales_realizedOnline_last_14_days		float				sales_realizedOnline_last_14_days
uk_ZipPosition_grouped		set64		en_GB		ZipPosition_grouped
uk_SR_Travel_Product_Type		list		en_GB		SR_Travel_Product_Type
nl_climbing_harness_loops		int				climbing_harness_loops
nl_goggle_extralens		int				goggle_extralens
uk_RECCO		int				RECCO
uk_Manualproductfeature_grouped		set64		en_GB		Manualproductfeature_grouped
be_type_goretex		list64		en_GB		type_goretex
be_model_2		list64		en_GB		model_2
be_soort_dop		list64		en_GB		soort_dop
uk_SR_Maps_&_Books		list64		en_GB		SR_Maps_&_Books
uk_Backpacking_Activity		set64				Backpacking_Activity
nl_stove_boilingtime		float				stove_boilingtime
uk_SR_Snow_Sports_Bag_Type		list64		en_GB		SR_Snow_Sports_Bag_Type
de_rucksaecke_tragesystem		text		en_GB		rucksaecke_tragesystem
uk_SR_Snowboard_Type_Facet		list64		en_GB		SR_Snowboard_Type_Facet
sales_margin_last_30_days		float				sales_margin_last_30_days
uk_Hood_feature		set64		en_GB		Hood_feature
be_maximale_snelheidsondersteuning		list64		en_GB		maximale_snelheidsondersteuning
be_hoofdlamp_technologie		list64		en_GB		hoofdlamp_technologie
nl_bib_hotel		list64				bib_hotel
be_wandelschoenen		list64		en_GB		wandelschoenen
sales_margin_last_7_days		float				sales_margin_last_7_days
nl_camera_battery_life		float				camera_battery_life
be_Gebruik_GPS		list64		en_GB		Gebruik_GPS
uk_Pots and Pans		list64		en_GB		Pots and Pans
nl_v_saving_amount		float				v_saving_amount
de_type_moebel		list64		en_GB		type_moebel
be_actioncam_batterij		text		en_GB		actioncam_batterij
nl_backpack_hipbelt		int				backpack_hipbelt
be_v_new_web		list64				v_new_web
be_equipment_accessories		list64		en_GB		equipment_accessories
uk_Pillow_Type		list64		en_GB		Pillow_Type
nl_fuel_esbit		int				fuel_esbit
uk_Glove_features		set64		en_GB		Glove_features
be_slaapzak_vulling		list64		en_GB		slaapzak_vulling
nl_gps_voice_guidance		int				gps_voice_guidance
be_new_arrivals		list64		en_GB		new_arrivals
nl_apparel_watertight_zips		int				apparel_watertight_zips
be_UV_protection		list64		en_GB		UV_protection
nl_Lawinepiepers_batterijduur_zendmodus		int				Lawinepiepers_batterijduur_zendmodus
be_verlichting_schokbestendig		list64		en_GB		verlichting_schokbestendig
nl_watch_hr_belt		int				watch_hr_belt
uk_RN_ppc_care		text		en_GB		RN_ppc_care
be_quikstory_functie		list64				quikstory_functie
nl_bino_exit_pupil		float				bino_exit_pupil
nl_mosquitonet_impregnation		int				mosquitonet_impregnation
uk_RN_Product_Type_Level_2		list64		en_GB		RN_Product_Type_Level_2
product_colour_selling_price0902		float				product_colour_selling_price0902
uk_SR_Ski Trousers Type		list64		en_GB		SR_Ski Trousers Type
uk_CS_Urban_Bike_Type		list64		en_GB		CS_Urban_Bike_Type
be_wielmaat		list64		en_GB		wielmaat
nl_general_height		float				general_height
be_Certificaat		list64		en_GB		Certificaat
product_name		asset		en_GB		product_name
be_cocktail		int				cocktail
nl_bever_online_deal		int				bever_online_deal
uk_weight_kg		float				weight_kg
be_anti_bacterieel		list64		en_GB		anti_bacterieel
de_all_laenge		float				all_laenge
nl_bib_roadmap		list64				bib_roadmap
uk_RN_Nutrition_&_Hydration_Type		list64		en_GB		RN_Nutrition_&_Hydration_Type
nl_Tents_vents		int				Tents_vents
be_ski_snowboard_type_rocker		list64		en_GB		ski_snowboard_type_rocker
uk_Travel Book Location		list64		en_GB		Travel Book Location
nl_stove_power		int				stove_power
be_stock_in_store		set				be_stock_in_store
be_actioncam_gps		list64		en_GB		actioncam_gps
uk_Bikini_Sets		list		en_GB		Bikini_Sets
order_qty_last_1_days		int				order_qty_last_1_days
uk_RN_Spike_Type		list64		en_GB		RN_Spike_Type
order_margin_last_14_days		float				order_margin_last_14_days
uk_CS_Footwear_Type		list64		en_GB		CS_Footwear_Type
be_type_rok		list64		en_GB		type_rok
uk_Sleeping_bag_style		list64		en_GB		Sleeping_bag_style
nl_apparel_reflective_details		int				apparel_reflective_details
be_videoresolutie		text		en_GB		videoresolutie
be_brillen_accessoires		list64		en_GB		brillen_accessoires
de_zelt_material_boden		text		en_GB		zelt_material_boden
be_Belevenisbonnen		list64		en_GB		Belevenisbonnen
product_range		asset		en_GB		product_range
be_ski_materiaal_buitenlaag		text		en_GB		ski_materiaal_buitenlaag
be_verlichting_brandduur		list64		en_GB		verlichting_brandduur
be_wielen		text		en_GB		wielen
nl_apparel_hood_helmet_compatible		int				apparel_hood_helmet_compatible
be_verrekijker_schemergetal		text		en_GB		verrekijker_schemergetal
de_rucksaecke_wasserdicht		int				rucksaecke_wasserdicht
uk_SR_Watches		list64		en_GB		SR_Watches
nl_sleepingmats_thickness		float				sleepingmats_thickness
uk_uk_lumens		list		en_GB		uk_lumens
nl_cam_lcd		int				cam_lcd
uk_BootType_grouped		set64		en_GB		BootType_grouped
de_type_beleuchtung		list64		en_GB		type_beleuchtung
be_type_jurk		list64		en_GB		type_jurk
be_gepolariseerd_brillen		list64				gepolariseerd_brillen
uk_gps_type		list64		en_GB		gps_type
nl_apparel_insulated		int				apparel_insulated
be_laptop_inch		list64		en_GB		laptop_inch
be_verrekijker_type		list64		en_GB		verrekijker_type
be_type_library		list64		en_GB		type_library
nl_poles_collapse		int				poles_collapse
uk_rating		int		en_GB		rating
order_realizedOnline_last_30_days		float				order_realizedOnline_last_30_days
uk_Cycle_clothing_accessories		list64		en_GB		Cycle_clothing_accessories
be_type_snowboard		list64		en_GB		type_snowboard
be_type_fietsdrager		list64		en_GB		type_fietsdrager
be_Geometrie_ski		list		en_GB		Geometrie_ski
nl_helm_vizor		int				helm_vizor
uk_SR_Climbing_Accessories		list64		en_GB		SR_Climbing_Accessories
uk_SR_Snowboard_Type		list		en_GB		SR_Snowboard_Type
be_verrekijker_gasgevuld		list64		en_GB		verrekijker_gasgevuld
be_v_Discount_product		int				v_Discount_product
be_hoogtemeting_meettoestellen		list64		en_GB		hoogtemeting_meettoestellen
de_all_tiefe		float				all_tiefe
de_type_kochen		list64		en_GB		type_kochen
nl_apparel_jackets_two_way_zip		int				apparel_jackets_two_way_zip
product_colour_selling_price0909		float				product_colour_selling_price0909
be_speedo_technologie		list64		en_GB		speedo_technologie
nl_v_new_web		list64				v_new_web
uk_SR_Accessories_Type		list64		en_GB		SR_Accessories_Type
nl_ski_width_mid		int				ski_width_mid
be_Uitrusting		list64		en_GB		Uitrusting
be_rugventilatie		list64		en_GB		rugventilatie
nl_apparel_insect_repellent		int				apparel_insect_repellent
be_verstelsysteem		list64		en_GB		verstelsysteem
uk_v_Core range		int				v_Core range
uk_berths		list64		en_GB		berths
nl_lights_chargingtime		int				lights_chargingtime
uk_SR_Footwear_Type		list64		en_GB		SR_Footwear_Type
uk_SR_Camp_Kitchen_Type		list		en_GB		SR_Camp_Kitchen_Type
be_waterproof_fabric		list64		en_GB		waterproof_fabric
uk_Walking_Activity		int				Walking_Activity
nl_maintenance_membrane		int				maintenance_membrane
nl_watch_barometer		int				watch_barometer
be_language_bon		list64		en_GB		language_bon
be_tent_ripstop		list64		en_GB		tent_ripstop
de_all_packmaß_h		float				all_packmaß_h
uk_climbing_shoe_type		list64		en_GB		climbing_shoe_type
uk_PackFeatures_grouped		set64		en_GB		PackFeatures_grouped
be_folder		list64		en_GB		folder
be_Snow_safety_web		list64		en_GB		Snow_safety_web
be_video_foto		list64		en_GB		video_foto
nl_v_saving_percentage		float				v_saving_percentage
be_tent_coating		list64		en_GB		tent_coating
product_colour_selling_price0860		float				product_colour_selling_price0860
be_Rits		list64		en_GB		Rits
nl_sleepingbags_person_length		int				sleepingbags_person_length
be_verlichting_brandduur_min_max		text		en_GB		verlichting_brandduur_min_max
be_juttu_home		list64		en_GB		juttu_home
nl_footwear_bike_isolation		int				footwear_bike_isolation
nl_climbing_crampon_points		int				climbing_crampon_points
de_zelt_stehhoehe		int				zelt_stehhoehe
be_tent_seasons		list64		en_GB		tent_seasons
stock_qty_total		int				stock_qty_total
de_schlafsaecke_temp_limit		int		en_GB		schlafsaecke_temp_limit
uk_SR_Clothing_Accessories_Type		list64		en_GB		SR_Clothing_Accessories_Type
product_selling_price_0858		float				product_selling_price_0858
nl_apparel_jacket_snow_skirt		int				apparel_jacket_snow_skirt
be_promoted product		int				promoted product
order_margin_last_3_days		float				order_margin_last_3_days
nl_lights_ontime_maxbrightness		int				lights_ontime_maxbrightness
uk_Cycling_Product_Type		list64		en_GB		Cycling_Product_Type
nl_v_extended range		int				v_extended range
be_ski_skipas		list64		en_GB		ski_skipas
be_leg_cut		list64		en_GB		leg_cut
uk_CS_Sports_Watch_Type		list64		en_GB		CS_Sports_Watch_Type
uk_Vibram		int				Vibram
product_selling_price_0252		float				product_selling_price_0252
uk_SR_Ski_Equipment_Type		list64		en_GB		SR_Ski_Equipment_Type
be_New_product		int				New_product
uk_SR_Tent_Type		list64		en_GB		SR_Tent_Type
uk_Book Category		list64		en_GB		Book Category
uk_Jacket style		list64		en_GB		Jacket style
uk_Rucksacks and luggage		list64		en_GB		Rucksacks and luggage
uk_RN_Clothing_Type		list64		en_GB		RN_Clothing_Type
nl_fuel_lampenolie		int				fuel_lampenolie
de_type_möbel		list64		en_GB		type_möbel
nl_fuel_kerosine		int				fuel_kerosine
nl_knife_length_open		float				knife_length_open
nl_climbing_rope_diameter		float				climbing_rope_diameter
de_type_radzubehoer		list64		en_GB		type_radzubehoer
product_selling_price_0864		float				product_selling_price_0864
uk_RN_New		int				RN_New
nl_apparel_odour_control		int				apparel_odour_control
nl_Tents_flyscreen		int				Tents_flyscreen
be_Visible OE		int				Visible OE
be_meettoestellen_type_accessoire		list64		en_GB		meettoestellen_type_accessoire
be_v_zonnebrillen_gepolariseerd		list64		en_GB		v_zonnebrillen_gepolariseerd
uk_Childrens Age Group		list64		en_GB		Childrens Age Group
nl_tent_innertent_length		float				tent_innertent_length
nl_watches_batterytime_month		float				watches_batterytime_month
de_all_packmaß_b		float				all_packmaß_b
de_matten_fuellungsmaterial		text		en_GB		matten_fuellungsmaterial
be_home_categorie		list64		en_GB		home_categorie
be_type_light		list64		en_GB		type_light
be_helm_binnenkant		list64		en_GB		helm_binnenkant
uk_Backpacking		int				Backpacking
nl_sunglasses_cat3		int				sunglasses_cat3
uk_SR_New_Season_Hidden_Facet		int				SR_New_Season_Hidden_Facet
be_stofsamenstelling		text		en_GB		stofsamenstelling
de_all_volumen_l		float				all_volumen_l
be_Gore-Tex		list64		en_GB		Gore-Tex
nl_sleepingbag_width_shoulders		float				sleepingbag_width_shoulders
de_v_saving_percentage_rrp		float				v_saving_percentage_rrp
uk_SR_Camp_Electronics		list64		en_GB		SR_Camp_Electronics
nl_new_product_nl_extended_range		int				new_product_nl_extended_range
nl_watch_altimeter		int				watch_altimeter
be_type_underwear_material		list64		en_GB		type_underwear_material
uk_SR_Luggage_Type		list64		en_GB		SR_Luggage_Type
uk_Activity_grouped		set64		en_GB		Activity_grouped
uk_Travel_Activity		int				Travel_Activity
be_meettoestellen_activitytracker		list64		en_GB		meettoestellen_activitytracker
nl_portable_power_output_watt		int				portable_power_output_watt
uk_JacketTechnology_grouped		set64		en_GB		JacketTechnology_grouped
uk_tent accessories		list64		en_GB		tent accessories
product_colour_selling_price0251		float				product_colour_selling_price0251
be_type_versnelling		list64		en_GB		type_versnelling
product_selling_price_0613		float				product_selling_price_0613
nl_sleepingbags_footbox		int				sleepingbags_footbox
uk_CS_Cleat_Compatibility		list64		en_GB		CS_Cleat_Compatibility
nl_apparel_hood_adjustable		int				apparel_hood_adjustable
order_realized_last_14_days		float				order_realized_last_14_days
uk_Camping_Essentials		list64		en_GB		Camping_Essentials
nl_bib_hikingguide		int				bib_hikingguide
be_stofsamenstellin_bovenwerk		list64		en_GB		stofsamenstellin_bovenwerk
uk_RN_Priority_Clearance		int				RN_Priority_Clearance
product_selling_price_0614		float				product_selling_price_0614
be_meettoestellen_snelheid		list64		en_GB		meettoestellen_snelheid
uk_product_range_grouped		set64		en_GB		product_range_grouped
product_colour_selling_price0250		float				product_colour_selling_price0250
de_ruckszecke_laptopfach		int				ruckszecke_laptopfach
order_qty_last_7_days		int				order_qty_last_7_days
nl_binoculars_diameterobjectief		int				binoculars_diameterobjectief
uk_Jacket Fill type		list64		en_GB		Jacket Fill type
de_zelt_material_innenzelt		text		en_GB		zelt_material_innenzelt
be_Bay&beach		list64		en_GB		Bay&beach
uk_CS_Bike_Components_Type		list64		en_GB		CS_Bike_Components_Type
uk_zip style		list64		en_GB		zip style
de_moebel_maße_eingeklappt_h		int				moebel_maße_eingeklappt_h
nl_watch_compass		int				watch_compass
be_actioncam_hdr		list64		en_GB		actioncam_hdr
product_selling_price_0980		float				product_selling_price_0980
be_verlichting_batterij_indicator		list64		en_GB		verlichting_batterij_indicator
be_juttu_taal_boek		list64		en_GB		juttu_taal_boek
nl_backpack_cheststrap		int				backpack_cheststrap
be_voorgevormde_cup		list64		en_GB		voorgevormde_cup
be_ademend_vermogen		text		en_GB		ademend_vermogen
uk_CS_Clothing_Type		list64		en_GB		CS_Clothing_Type
uk_SR_Watches_Type		list		en_GB		SR_Watches_Type
uk_v_promoted product		int				v_promoted product
be_fietsen_bikepacking		list64		en_GB		fietsen_bikepacking
sales_qty_last_1_days		int				sales_qty_last_1_days
be_meettoestellen_locatie_opslaan		list64		en_GB		meettoestellen_locatie_opslaan
nl_knife_length_folded		float				knife_length_folded
be_actioncam_raw		list64		en_GB		actioncam_raw
uk_v_Discount_product		list64				v_Discount_product
uk_Cycling_Activity		int				Cycling_Activity
uk_SR_Ski		int				SR_Ski
be_loopaccessoires		list64		en_GB		loopaccessoires
be_meettoestellen_trackback		list64		en_GB		meettoestellen_trackback
uk_SR_Snowboard_Width		list64		en_GB		SR_Snowboard_Width
uk_SR_Camping_Essentials_Type		list		en_GB		SR_Camping_Essentials_Type
nl_sunglasses_interchangeable		int				sunglasses_interchangeable
be_lens_technologie		list64		en_GB		lens_technologie
de_zelt_apsiden		list64		en_GB		zelt_apsiden
be_fotoresolutie		text		en_GB		fotoresolutie
de_type_navigation		list64		en_GB		type_navigation
de_v_saving_amount_rrp		float				v_saving_amount_rrp
nl_travelpack_carryingsystem		int				travelpack_carryingsystem
uk_Footwear Weight		list64		en_GB		Footwear Weight
uk_Stoves and accessories		list64		en_GB		Stoves and accessories
be_v_web_folderproduct		list64				v_web_folderproduct
be_reversible		list64		en_GB		reversible
uk_SR_Sock_Type		list64		en_GB		SR_Sock_Type
de_v_bekleidung_muster		list64		en_GB		v_bekleidung_muster
uk_SR_Torches		list64		en_GB		SR_Torches
uk_SR_Product_Type		list64		en_GB		SR_Product_Type
be_terrein_ski		list64		en_GB		terrein_ski
be_actioncam_videoresolutie		text		en_GB		actioncam_videoresolutie
uk_Fastening_Type		list		en_GB		Fastening_Type
uk_DVD & CD Type		list64		en_GB		DVD & CD Type
be_Print		list64		en_GB		Print
nl_watch_hr_graph		list64				watch_hr_graph
be_type_cadeau		list64		en_GB		type_cadeau
be_tent_geschiktvoor		list64		en_GB		tent_geschiktvoor
uk_SR_Beach_swimwear_type		list		en_GB		SR_Beach_swimwear_type
order_qty_last_90_days		int				order_qty_last_90_days
uk_v_offer_product		int				v_offer_product
nl_Texapore		int				Texapore
be_Fietsaccessoires		list64		en_GB		Fietsaccessoires
be_technische_producten		list64				technische_producten
be_v_web_folder_money_maker		list64				v_web_folder_money_maker
de_type_wintersportausruestung		list64		en_GB		type_wintersportausruestung
nl_gloves_insulated		int				gloves_insulated
uk_SR_GPS		list64		en_GB		SR_GPS
product_colour_selling_price0858		float				product_colour_selling_price0858
be_folder_promo		int				folder_promo
be_brillen_montuur		list64		en_GB		brillen_montuur
nl_sunglasses_gradient		int				sunglasses_gradient
be_type_kous		list64		en_GB		type_kous
nl_bib_bike		int				bib_bike
de_v_v_base_colour		set64		en_GB		v_v_base_colour
de_type_ausruestung		list64		en_GB		type_ausruestung
be_type_verlichting_juttu		list64		en_GB		type_verlichting_juttu
uk_collapsible_type		list64		en_GB		collapsible_type
uk_Equipment_Type		list64		en_GB		Equipment_Type
be_tussenzool		text		en_GB		tussenzool
be_activewear_mesh		list64		en_GB		activewear_mesh
nl_tent_outertent_width		float				tent_outertent_width
product_colour_selling_price0613		float				product_colour_selling_price0613
be_Type bikini		list64		en_GB		Type bikini
be_meettoestellen_kaarten		list64		en_GB		meettoestellen_kaarten
uk_SR_Kids_Product_Type		list64		en_GB		SR_Kids_Product_Type
product_selling_price_0251		float				product_selling_price_0251
nl_fuel_hout		int				fuel_hout
be_ski_kinbescherming		list64				ski_kinbescherming
be_fietsen_inhoud_tas		list64		en_GB		fietsen_inhoud_tas
be_type_wintersport		list64		en_GB		type_wintersport
be_all_geschikt_voor		list64		en_GB		all_geschikt_voor
uk_Base layer type		list64		en_GB		Base layer type
be_vulling		list64		en_GB		vulling
nl_apparel_breathable		int				apparel_breathable
nl_food_energy		float				food_energy
de_type_kleidung		list64		en_GB		type_kleidung
uk_GPS_&_Watches_Type		list		en_GB		GPS_&_Watches_Type
uk_CS_Wheels		list64		en_GB		CS_Wheels
uk_Hat_type		list64		en_GB		Hat_type
be_wintersport_accessoires		list64		en_GB		wintersport_accessoires
product_code_old		asset		en_GB		product_code_old
sales_margin_last_3_days		float				sales_margin_last_3_days
be_slaapzak_temp_limiet		list		en_GB		slaapzak_temp_limiet
be_reflectoren		list64		en_GB		reflectoren
sales_margin_last_1_days		float				sales_margin_last_1_days
uk_SR_Jacket_Type		list64		en_GB		SR_Jacket_Type
be_Verzorging_onderhoud		list64		en_GB		Verzorging_onderhoud
be_type_kleding_juttu		list64		en_GB		type_kleding_juttu
be_schaal		list		en_GB		schaal
be_rating		int		en_GB		rating
be_winddicht		list64		en_GB		winddicht
nl_stove_piezoignition		int				stove_piezoignition
be_beugel		list64		en_GB		beugel
be_type_gadget		list64		en_GB		type_gadget
nl_mvo_recycled		int				mvo_recycled
be_wasvoorschriften		text		en_GB		wasvoorschriften
be_factor_zonnecreme		list64		en_GB		factor_zonnecreme
uk_CS_Product_Type		list64		en_GB		CS_Product_Type
be_loopzool		list64		en_GB		loopzool
uk_region		list64		en_GB		region
uk_CS_Clothing_Accessories_Type		list64		en_GB		CS_Clothing_Accessories_Type
be_aantal_wielen		list64		en_GB		aantal_wielen
nl_backpack_laptopsleeve		int				backpack_laptopsleeve
uk_walking footwear type		list64		en_GB		walking footwear type
nl_sleepingbags_collar		int				sleepingbags_collar
de_moebel_maximale_belastung		int				moebel_maximale_belastung
be_duffel_wielen		list64		en_GB		duffel_wielen
barcode		text				barcode
uk_insulated jacket type		list64		en_GB		insulated jacket type
nl_bino_max_eye_dist		int				bino_max_eye_dist
nl_bikebag_reflectors		int				bikebag_reflectors
de_type_bademode		list64		en_GB		type_bademode
nl_sunglasses_mirror		int				sunglasses_mirror
de_seile_meter_gewicht		int				seile_meter_gewicht
be_Afmetingen verpakking		text		en_GB		Afmetingen verpakking
product_colour_selling_price0864		float				product_colour_selling_price0864
de_zelt_innenzelt_l		int				zelt_innenzelt_l
uk_Action Camera Type		list64		en_GB		Action Camera Type
be_ski_haakjes_schoenen		list64		en_GB		ski_haakjes_schoenen
be_type_activity		list64		en_GB		type_activity
nl_climbing_rope_impact		float				climbing_rope_impact
product_colour_selling_price0252		float				product_colour_selling_price0252
web_only		int				web_only
uk_Expedition		int				Expedition
be_intensief_gebruik		list64		en_GB		intensief_gebruik
be_opbergvakken		text		en_GB		opbergvakken
uk_Vibram Sole		int				Vibram Sole
be_afmetingen		text		en_GB		afmetingen
de_schlafsaecke_schultermaß		int				schlafsaecke_schultermaß
be_technologie		text		en_GB		technologie
nl_portable_power_water_resistant		int				portable_power_water_resistant
be_verrekijker zicht op 1000m		list64		en_GB		verrekijker zicht op 1000m
product_selling_price_0619		float				product_selling_price_0619
uk_clothing_accessories		list64		en_GB		clothing_accessories
uk_camping accessories		list64		en_GB		camping accessories
uk_SR_Gloves		list64		en_GB		SR_Gloves
nl_watches_batterytime_days		float				watches_batterytime_days
uk_sleeve_length		list64		en_GB		sleeve_length
be_Use_HRM		list64		en_GB		Use_HRM
nl_bib_plano		int				bib_plano
uk_CS_Wheel_Part_Type		list64		en_GB		CS_Wheel_Part_Type
uk_Watersports_Product_Type		list64		en_GB		Watersports_Product_Type
be_Bovenaan Product		int				Bovenaan Product
be_type_gps		list64		en_GB		type_gps
be_gewicht		text		en_GB		gewicht
nl_general_weight_grampair		float				general_weight_grampair
be_gifts_gadgets_juttu		list64		en_GB		gifts_gadgets_juttu
be_stofsamenstelling_isolatie		text		en_GB		stofsamenstelling_isolatie
nl_light_batt_incl		int				light_batt_incl
nl_climbing_harness_adjustable_loops		int				climbing_harness_adjustable_loops
be_kap_aanwezig		list64		en_GB		kap_aanwezig
be_primaloft		list64		en_GB		primaloft
be_segmenten		list64		en_GB		segmenten
uk_Sleeping Bag Weight		list64		en_GB		Sleeping Bag Weight
de_all_breite		float				all_breite
uk_CS_Tights_&_Trouser_Type		list64		en_GB		CS_Tights_&_Trouser_Type
nl_tent_innertent_width		float				tent_innertent_width
main_web_shop		list64		en_GB		main_web_shop
uk_SR_Snow_Electronics_Type		list64		en_GB		SR_Snow_Electronics_Type
be_size_description		set		en_GB		be_size_description
uk_Gore-Tex Technology		int				Gore-Tex Technology
nl_gps_ontime_days		float				gps_ontime_days
be_categorie_schoenen		list64		en_GB		categorie_schoenen
nl_ski_binding_incl		int				ski_binding_incl
be_sneldrogend		list64		en_GB		sneldrogend
be_ski_flex		list64		en_GB		ski_flex
be_v_ronde_prijs		int				v_ronde_prijs
be_type_tents_acc		list64		en_GB		type_tents_acc
uk_CS_Headwear		list64		en_GB		CS_Headwear
uk_Electronic_Type		list64		en_GB		Electronic_Type
be_ski_helm_vizier		list64		en_GB		ski_helm_vizier
sales_realizedOnline_last_1_days		float				sales_realizedOnline_last_1_days
uk_RN_Shoe_Width		list64		en_GB		RN_Shoe_Width
uk_rucksack_feature		set64		en_GB		rucksack_feature
uk_CS_Mountain_Bike_Type		list64		en_GB		CS_Mountain_Bike_Type
nl_general_high_visiblity		int				general_high_visiblity
product_colour_selling_price0540		float				product_colour_selling_price0540
be_activewear_type_ondersteuning		list64		en_GB		activewear_type_ondersteuning
be_geschikt_handbagage		list64				geschikt_handbagage
nl_backpack_helmetcompatible		int				backpack_helmetcompatible
de_seile_fels_schoenes_wetter		int				seile_fels_schoenes_wetter
be_promo_juttu		list64		en_GB		promo_juttu
be_inclusief_zakje		list64		en_GB		inclusief_zakje
de_all_preis_l_kg		list64		en_GB		all_preis_l_kg
product_colour_selling_price0980		float				product_colour_selling_price0980
uk_SR_Ski_Type		list64		en_GB		SR_Ski_Type
uk_CS_Locks		list64		en_GB		CS_Locks
nl_sunglasses_polarised		int				sunglasses_polarised
uk_SR_Skiing_Ability_Level		list64		en_GB		SR_Skiing_Ability_Level
nl_climbing_carabiner_breakstrenght_open		float				climbing_carabiner_breakstrenght_open
uk_Camelbak_Type		list64		en_GB		Camelbak_Type
de_zelt_eingaenge		list64		en_GB		zelt_eingaenge
nl_tents_numberofpoles		int				tents_numberofpoles
be_gewicht_1		text		en_GB		gewicht_1
be_promo		list64		en_GB		promo
nl_watch_alarm		int				watch_alarm
nl_cam_gps		int				cam_gps
uk_SR_Camp_Furniture		list		en_GB		SR_Camp_Furniture
de_v_mkt_mega_wsv		int				v_mkt_mega_wsv
uk_Visible CW		int				Visible CW
be_Visible Juttu		int				Visible Juttu
be_drops_yaya		list64		en_GB		drops_yaya
de_type_wintersportbekleidung		list64		en_GB		type_wintersportbekleidung
product_selling_price_0540		float				product_selling_price_0540
product_colour_selling_price0619		float				product_colour_selling_price0619
de_type_reisezubehoer		list64		en_GB		type_reisezubehoer
nl_skibinding_stand_height		int				skibinding_stand_height
nl_fuel_loodvrijebenzine		int				fuel_loodvrijebenzine
be_schoenen_zool		text		en_GB		schoenen_zool
product_colour_selling_price0869		float				product_colour_selling_price0869
nl_climbing_crampon_minshoesize		float				climbing_crampon_minshoesize
be_type_shirt		list64		en_GB		type_shirt
nl_backpack_demountablehipbelt		int				backpack_demountablehipbelt
_thumburl		asset		en_GB		_thumburl
nl_v_Core range		list64				v_Core range
de_type_produkt		list64		en_GB		type_produkt
uk_crampon_rating		list64		en_GB		crampon_rating
nl_bever_folder_insert		int				bever_folder_insert
be_Visible AS		int				Visible AS
nl_apparel_zip_in		int				apparel_zip_in
be_soort_trui		list64		en_GB		soort_trui
nl_bottle_foldable		int				bottle_foldable
nl_fuel_gas		int				fuel_gas
be_v_print_kleurniveau		list64		en_GB		v_print_kleurniveau
uk_Tent Weight		list64		en_GB		Tent Weight
nl_Tents_awning		int				Tents_awning
be_ski_sneeuwvanger		list64		en_GB		ski_sneeuwvanger
nl_stock_in_store		set				nl_stock_in_store
nl_general_waterproof		int				general_waterproof
uk_Other footwear accessories		list64		en_GB		Other footwear accessories
uk_SR_athleisure_type		list		en_GB		SR_athleisure_type
be_new_web		int				new_web
de_type_aermellaenge		list64		en_GB		type_aermellaenge
uk_Gore-Tex		int				Gore-Tex
nl_travelpack_rollingsystem		int				travelpack_rollingsystem
be_Aanritsbaar		list64		en_GB		Aanritsbaar
be_type_drinken		list64		en_GB		type_drinken
sales_qty_last_30_days		int				sales_qty_last_30_days
nl_climbing_rope_weightpermeter		int				climbing_rope_weightpermeter
nl_lights_lumen_min		int				lights_lumen_min
nl_backpack_compressionstraps		int				backpack_compressionstraps
nl_bikebag_shoulderstrap		int				bikebag_shoulderstrap
nl_apparel_hood		int				apparel_hood
uk_food		list64		en_GB		food
nl_gps_external_mem		int				gps_external_mem
de_schlafsaecke_verhaeltnis_daune		list64		en_GB		schlafsaecke_verhaeltnis_daune
be_ski_snowboard_niveau		list64		en_GB		ski_snowboard_niveau
be_waterkolom		list64		en_GB		waterkolom
de_all_packmaß_l		float				all_packmaß_l
uk_DietaryRequirements_grouped		set64		en_GB		DietaryRequirements_grouped
be_v_Core range		int				v_Core range
uk_SR_Packs_Type		list64		en_GB		SR_Packs_Type
be_v_online_niet_vindbaar		list64		en_GB		v_online_niet_vindbaar
be_tent_getapete_naden		list64		en_GB		tent_getapete_naden
nl_gps_memory_internal		int				gps_memory_internal
be_drinkflessen_warme_dranken		list64		en_GB		drinkflessen_warme_dranken
be_dubbelwandig		list64		en_GB		dubbelwandig
be_type_food		list64		en_GB		type_food
nl_poles_min_length		int				poles_min_length
order_margin_last_1_days		float				order_margin_last_1_days
uk_CS_Gps_Cameras_&_Electronics		list64		en_GB		CS_Gps_Cameras_&_Electronics
be_fietsbroek_los		list64		en_GB		fietsbroek_los
uk_Boot_Type		set64		en_GB		Boot_Type
uk_Tenttype_grouped		set64		en_GB		Tenttype_grouped
uk_Activities		set64		en_GB		Activities
uk_CS_Drivetrain		list64		en_GB		CS_Drivetrain
short_description		asset		en_GB		short_description
be_Technische_materialen		list64		en_GB		Technische_materialen
uk_Snow_boot_type		int				Snow_boot_type
nl_sleepingbags_hood		int				sleepingbags_hood
be_kookvuur_wattage		list64		en_GB		kookvuur_wattage
be_jurk_lengte		list64		en_GB		jurk_lengte
de_kennzeichen		set64		en_GB		kennzeichen
nl_bib_natureguide		int				bib_natureguide
nl_Lawinepiepers_zoekbreedte		int				Lawinepiepers_zoekbreedte
uk_CS_Hydration		list64		en_GB		CS_Hydration
order_margin_last_30_days		float				order_margin_last_30_days
sales_realized_last_7_days		float				sales_realized_last_7_days
be_sleeve_length		list64		en_GB		sleeve_length
de_type_elektronik		list64		en_GB		type_elektronik
be_juttu_seizoen		list		en_GB		juttu_seizoen
be_tent_voortent		list64		en_GB		tent_voortent
de_schuhe_wasserdicht		int				schuhe_wasserdicht
be_kleuren_verbleken		list64		en_GB		kleuren_verbleken
de_bekleidung_wasserdicht		int				bekleidung_wasserdicht
be_actioncam_hdmi-poort		list64		en_GB		actioncam_hdmi-poort
nl_apparel_uv_resistant		int				apparel_uv_resistant
nl_sunglasses_cat4		int				sunglasses_cat4
de_type_pullover		list64		en_GB		type_pullover
uk_Cycle_electronics		list64		en_GB		Cycle_electronics
product_code		asset		en_GB		product_code
be_vaatwasserbestendig		list64		en_GB		vaatwasserbestendig
be_actioncam_schermtype		text		en_GB		actioncam_schermtype
nl_bottles_volume(ml)		float				bottles_volume(ml)
de_zelt_personen		list64		en_GB		zelt_personen
be_type_bib		list64		en_GB		type_bib
be_pakformaat		text		en_GB		pakformaat
be_hartslagmeter_band		list64		en_GB		hartslagmeter_band
uk_fill_power		list64		en_GB		fill_power
nl_bib_travelguide		list64				bib_travelguide
be_sluiting		list64		en_GB		sluiting
nl_gloves_touch_screen_compatible		int				gloves_touch_screen_compatible
nl_climbing_carabiner_automatic_closing		int				climbing_carabiner_automatic_closing
uk_karabiner_type		list64		en_GB		karabiner_type
uk_Survival equipment		list64		en_GB		Survival equipment
be_ski_bretellen		list64		en_GB		ski_bretellen
be_verrekijker_minimale_focus		text		en_GB		verrekijker_minimale_focus
nl_sleepingbag_temp_limit		text				sleepingbag_temp_limit
nl_new_product_nl		int				new_product_nl
nl_watches_batterytime_hour		float				watches_batterytime_hour
uk_SR_GPS_Units_Watches_Type		list		en_GB		SR_GPS_Units_Watches_Type
be_soort_achtertas		list64		en_GB		soort_achtertas
uk_new_product_ss18		list64		en_GB		new_product_ss18
be_piezo		list64		en_GB		piezo
be_Categorie_ski's & snowboards		list64		en_GB		Categorie_ski's & snowboards
product_selling_price_0871		float				product_selling_price_0871
colour_sort_order		int				colour_sort_order
be_voice_command		list64				voice_command
uk_CS_Electric Bikes		int				CS_Electric Bikes
be_type_MTB		list64		en_GB		type_MTB
de_seile_topropo_nachstieg		int				seile_topropo_nachstieg
be_ski_broekspijp_rits		list64		en_GB		ski_broekspijp_rits
be_kies_tent		list64		en_GB		kies_tent
uk_sock_type		list64		en_GB		sock_type
uk_waterproof_fabric		list64		en_GB		waterproof_fabric
uk_CS_Bike_End_Use		list64		en_GB		CS_Bike_End_Use
nl_helm_adjust_fit		int				helm_adjust_fit
uk_Visible RN		int				Visible RN
be_microgolfbestendig		list64		en_GB		microgolfbestendig
de_season		list64		en_GB		season
uk_Watersports Equipment		list64		en_GB		Watersports Equipment
uk_Rope_type		list64		en_GB		Rope_type
be_type_sleepingbags_mats		list64		en_GB		type_sleepingbags_mats
nl_bike_innerpant_incl		int				bike_innerpant_incl
be_activity		set64		en_GB		activity
company_v_in_web		int				company_v_in_web
nl_ski_width_tip		int				ski_width_tip
be_rem		text		en_GB		rem
be_pasvorm		list64		en_GB		pasvorm
uk_CS_Tools		list64		en_GB		CS_Tools
stock_qty_shop		int				stock_qty_shop
be_zonneklep		list64		en_GB		zonneklep
uk_skipanttype		list64		en_GB		skipanttype
be_kompas		text		en_GB		kompas
nl_footwear_membrane		int				footwear_membrane
nl_poles_antishock		int				poles_antishock
be_anti-insecten		list64		en_GB		anti-insecten
be_afritsbaar		list64		en_GB		afritsbaar
be_v_saving_percentage		float				v_saving_percentage
nl_sleepingbags_zipper_connect		int				sleepingbags_zipper_connect
uk_Fabric_Technology		list64		en_GB		Fabric_Technology
be_type_underwear		list64		en_GB		type_underwear
sales_realizedOnline_last_30_days		float				sales_realizedOnline_last_30_days
de_type_funktionsunterwaesche		list64		en_GB		type_funktionsunterwaesche
be_ski_verstelbare_manchetten		list64				ski_verstelbare_manchetten
nl_poles_wriststrap		int				poles_wriststrap
be_commercial_size		set		en_GB		be_commercial_size
uk_SR_Ski_Essentials		list64		en_GB		SR_Ski_Essentials
uk_Glove_type		list64		en_GB		Glove_type
de_matten_integrierte_pumpe		int				matten_integrierte_pumpe
uk_RN_Shoe_Models		list		en_GB		RN_Shoe_Models
nl_travelpack_carryingsystem_stowe		int				travelpack_carryingsystem_stowe
uk_SR_Sleeping_Type		list64		en_GB		SR_Sleeping_Type
nl_bottles_bpafree		int				bottles_bpafree
be_v_promoted product		int				v_promoted product
uk_Ski_equipment		list64		en_GB		Ski_equipment
sales_realized_last_30_days		float				sales_realized_last_30_days
be_afdeling		list64		en_GB		afdeling
uk_Sleeping_Mats_And_Pillows		list64		en_GB		Sleeping_Mats_And_Pillows
be_navigatie_meettoestellen		list64		en_GB		navigatie_meettoestellen
nl_helm_audio		int				helm_audio
be_verlichting_lichtsterkte		text		en_GB		verlichting_lichtsterkte
be_juttu_zonnebescherming		int				juttu_zonnebescherming
be_ski_wintersportaccessoires		list64		en_GB		ski_wintersportaccessoires
be_slaapmat_isolatie		text		en_GB		slaapmat_isolatie
uk_CS_Kids_Bike_Type		list64		en_GB		CS_Kids_Bike_Type
de_zelt_getapte_naehte		int				zelt_getapte_naehte
uk_CS_Shorts_Type		list64		en_GB		CS_Shorts_Type
be_gewicht_trolley		list64		en_GB		gewicht_trolley
uk_Tent_Product_Type		list64		en_GB		Tent_Product_Type
de_zelt_innenzelt_b		int				zelt_innenzelt_b
be_waist		list64		en_GB		waist
nl_watch_gps		int				watch_gps
uk_CS_Steering		list64		en_GB		CS_Steering
uk_Light_type		list64		en_GB		Light_type
nl_apparel_jacket_packable		int				apparel_jacket_packable
uk_Sleeping type		list64		en_GB		Sleeping type
nl_sleepingbag_temp_comfort		list64				sleepingbag_temp_comfort
uk_v_saving_percentage		float				v_saving_percentage
be_uv_beschermend_trekking		list64		en_GB		uv_beschermend_trekking
be_kies_schoenen		list64		en_GB		kies_schoenen
be_activiteit_meettoestellen		list64		en_GB		activiteit_meettoestellen
be_type_food_gear		list64		en_GB		type_food_gear
be_Geschikt_voor_brildragers (OTG)		list64		en_GB		Geschikt_voor_brildragers (OTG)
uk_SR_Footwear Purpose		list64		en_GB		SR_Footwear Purpose
uk_CS_Electronics		list64		en_GB		CS_Electronics
nl_apparel_fabric_stretch		int				apparel_fabric_stretch
uk_Sleeping Bag Type		list64		en_GB		Sleeping Bag Type
nl_sleepingbag_temp_extreme		text				sleepingbag_temp_extreme
be_stofsamenstelling_voering		text		en_GB		stofsamenstelling_voering
be_type_tas_fashion		list64		en_GB		type_tas_fashion
be_slaapzak_temp_extreem		list		en_GB		slaapzak_temp_extreem
be_look_bril		list64		en_GB		look_bril
nl_fuel_petroleum		int				fuel_petroleum
de_bekleidung_hauptmaterial		list64		en_GB		bekleidung_hauptmaterial
de_type_geschlecht		list64		en_GB		type_geschlecht
uk_v_base_colour		set		en_GB		v_base_colour
be_verrekijker_uittredepupil		text		en_GB		verrekijker_uittredepupil
be_activewear		list64				activewear
uk_stock_in_store		set				uk_stock_in_store
nl_bib_kitchenwine		int				bib_kitchenwine
product_colour_selling_price0614		float				product_colour_selling_price0614
uk_CS_Protection_Type		list64		en_GB		CS_Protection_Type
order_realized_last_7_days		float				order_realized_last_7_days
nl_poles_height_adjust		int				poles_height_adjust
nl_sleepingbag_down_fillpower		int				sleepingbag_down_fillpower
nl_footwear_crampon_strap_on		int				footwear_crampon_strap_on
uk_Visible SR		int				Visible SR
be_ski_sneeuwvanger_aanhechting		list64		en_GB		ski_sneeuwvanger_aanhechting
nl_Tents_mudflaps		int				Tents_mudflaps
be_ski_canting		text		en_GB		ski_canting
de_type_schlafsäcke		list64		en_GB		type_schlafsäcke
be_gewicht_tenten		list64		en_GB		gewicht_tenten
de_type_aktivitaet		list64		en_GB		type_aktivitaet
sales_qty_last_3_days		int				sales_qty_last_3_days
nl_bib_travelstories		list64				bib_travelstories
product_selling_price_0620		float				product_selling_price_0620
nl_backpack_pocketshipbelt		int				backpack_pocketshipbelt
uk_Footwear type		list64		en_GB		Footwear type
de_rucksaecke_bodematerial		text		en_GB		rucksaecke_bodematerial
nl_bever_essentials		int				bever_essentials
be_schokdemping		list64		en_GB		schokdemping
nl_portable_power_output_amp		int				portable_power_output_amp
product_colour_selling_price0865		float				product_colour_selling_price0865
nl_ecocheques_accepted		int				ecocheques_accepted
nl_travelpack_iatacompliant		int				travelpack_iatacompliant
nl_bib_languageguide		list64				bib_languageguide
uk_commercial_size		set		en_GB		uk_commercial_size
uk_Cooking Type		list64		en_GB		Cooking Type
be_gewicht_slaapzakken		list64		en_GB		gewicht_slaapzakken
uk_CS_Electric_Bike_Type		list64		en_GB		CS_Electric_Bike_Type
de_schlafsaecke_material_außen		text		en_GB		schlafsaecke_material_außen
nl_connect_microusb		int				connect_microusb
nl_lights_numberofsettings		int				lights_numberofsettings
nl_sunglasses_cat1		int				sunglasses_cat1
de_seile_seildurchmesser		float				seile_seildurchmesser
product_colour_selling_price0592		float				product_colour_selling_price0592
be_onderhoud_gebruik		list64		en_GB		onderhoud_gebruik
nl_hardware_numberofwheels		float				hardware_numberofwheels
order_realized_last_90_days		float				order_realized_last_90_days
de_type_schuhe		list64		en_GB		type_schuhe
nl_hardware_numberofhandles		float				hardware_numberofhandles
be_ski_langer_rugpand		list64				ski_langer_rugpand
be_type_fietser		list64		en_GB		type_fietser
nl_goggle_OTG		int				goggle_OTG
product_colour_selling_price0905		float				product_colour_selling_price0905
be_versnelling_afmontage		text		en_GB		versnelling_afmontage
nl_sleepingmats_insulationvalue		float				sleepingmats_insulationvalue
be_bluesign		list64		en_GB		bluesign
product_colour_selling_price0852		float				product_colour_selling_price0852
de_zelt_schlafkabinen		list64		en_GB		zelt_schlafkabinen
de_type_kocher		list64		en_GB		type_kocher
buyinggroup_l1_code		list				buyinggroup_l1_code
uk_Hunter_Range		list64		en_GB		Hunter_Range
de_seile_fels_schlechtes_wetter		int				seile_fels_schlechtes_wetter
be_verstelbare_bandjes		list64		en_GB		verstelbare_bandjes
be_v_zonnebrillen_categorie		list64		en_GB		v_zonnebrillen_categorie
be_yaya_cadeau		list64		en_GB		yaya_cadeau
nl_connect_ant		int				connect_ant
uk_CS_Year		list64		en_GB		CS_Year
be_kap_afritsbaar		list64		en_GB		kap_afritsbaar
nl_fuel_spiritus		int				fuel_spiritus
nl_bever_folder_product		int				bever_folder_product
be_ski_voorgevormde_mouwen		list64				ski_voorgevormde_mouwen
be_type_ski_snowboard		list64		en_GB		type_ski_snowboard
uk_RN_Accessories_Type		list64		en_GB		RN_Accessories_Type
be_Gevoerd		list64		en_GB		Gevoerd
uk_Proofing_Protection		list64		en_GB		Proofing_Protection
uk_Footwear_Material		list		en_GB		Footwear_Material
uk_SR_Base Layer Type		list64		en_GB		SR_Base Layer Type
uk_Waterproof Jacket Type		list64		en_GB		Waterproof Jacket Type
de_schlafsaecke_material_fuellung		text		en_GB		schlafsaecke_material_fuellung
uk_travel_equipment_type		list64		en_GB		travel_equipment_type
nl_promoted product		int				promoted product
de_zelt_ausenzelt_h		int				zelt_ausenzelt_h
uk_v_extended range		list64				v_extended range
sales_qty_last_90_days		int				sales_qty_last_90_days
be_lengte_jumpsuit		list64		en_GB		lengte_jumpsuit
be_meettoestellen_waterbestendig		text		en_GB		meettoestellen_waterbestendig
be_schermtype		text		en_GB		schermtype
be_jacket_type		list64		en_GB		jacket_type
uk_uk_hi_viz		list64		en_GB		uk_hi_viz
be_handlus		text		en_GB		handlus
uk_GadgetType_grouped		set64		en_GB		GadgetType_grouped
uk_SR_Map_Scale		list64		en_GB		SR_Map_Scale
uk_Climbing gear		list64		en_GB		Climbing gear
de_schlafsaecke_material_innen		text		en_GB		schlafsaecke_material_innen
be_cross_sell		list64		en_GB		cross_sell
be_kies_slaapzak		list64		en_GB		kies_slaapzak
be_v_zonnebrillen_fotochromatisch		list64		en_GB		v_zonnebrillen_fotochromatisch
uk_SR_Camping_Equipment		list64		en_GB		SR_Camping_Equipment
uk_CS_Bike_Type		list64		en_GB		CS_Bike_Type
order_qty_last_14_days		int				order_qty_last_14_days
nl_general_goretex		int				general_goretex
nl_climbing_rope_impregnated		int				climbing_rope_impregnated
product_selling_price_0616		float				product_selling_price_0616
uk_Osprey packs		list64		en_GB		Osprey packs
uk_boot_rating		list64		en_GB		boot_rating
uk_uk_hydrostatic_head		list		en_GB		uk_hydrostatic_head
uk_SR_Kids_Footwear_Type		list64		en_GB		SR_Kids_Footwear_Type
be_Klimmen		list64		en_GB		Klimmen
uk_Hierarchyproductfeature_grouped		set64		en_GB		Hierarchyproductfeature_grouped
de_rucksaecke_beladungsempfehlung		int				rucksaecke_beladungsempfehlung
uk_CS_Bike_Accessories_Type		list64		en_GB		CS_Bike_Accessories_Type
be_type_runningshoes		list64		en_GB		type_runningshoes
nl_bib_various		int				bib_various
uk_CO_ppc_care		text		en_GB		CO_ppc_care
uk_Map_type		list64		en_GB		Map_type
uk_total_volume_litres		int				total_volume_litres
de_matten_selbstaufblasend		int				matten_selbstaufblasend
nl_New_product		int				New_product
be_insectenwerend		list64		en_GB		insectenwerend
nl_gps_rechargeable		int				gps_rechargeable
uk_CS_Bike_Type_New		list64		en_GB		CS_Bike_Type_New
be_type_trouser		list64		en_GB		type_trouser
be_actioncam_gp1_chip		list64		en_GB		actioncam_gp1_chip
be_type_hat		list64		en_GB		type_hat
uk_SR_Tops		list64		en_GB		SR_Tops
uk_CS_gps		list64		en_GB		CS_gps
be_actioncam_fotoresolutie		text		en_GB		actioncam_fotoresolutie
product_picture		asset		en_GB		product_picture
be_slaapmat_zelfopblazend		list64		en_GB		slaapmat_zelfopblazend
be_onderhoud_geschiktvoor		list64		en_GB		onderhoud_geschiktvoor
uk_SR_Cameras		list64		en_GB		SR_Cameras
be_ski_rekbare_binnenmouwen		list64				ski_rekbare_binnenmouwen
uk_RN_Shoe_Model_Type		list64		en_GB		RN_Shoe_Model_Type
uk_shirts and T-shirts		list64		en_GB		shirts and T-shirts
uk_SR_Zip_Style		list64		en_GB		SR_Zip_Style
de_type_geslecht		list64		en_GB		type_geslecht
de_schlafsaecke_daunenmenge		int				schlafsaecke_daunenmenge
de_type_wassersport		list64		en_GB		type_wassersport
buyinggroup_l2_code		list				buyinggroup_l2_code
nl_bino_close_focus		float				bino_close_focus
be_type_tent		list64		en_GB		type_tent
uk_ppc_addon		text		en_GB		ppc_addon
nl_new_web		int				new_web
be_type_meubilair_juttu		list64		en_GB		type_meubilair_juttu
be_slaapzak_temp_comfort		list		en_GB		slaapzak_temp_comfort
uk_SR_Equipment_Type		list64		en_GB		SR_Equipment_Type
uk_Guide Book Location		list64		en_GB		Guide Book Location
be_voeding_vegetarisch		list64		en_GB		voeding_vegetarisch
be_type_fuel		list64		en_GB		type_fuel
uk_Gadget_Bundles		int				Gadget_Bundles
nl_backpack_skicompatible		int				backpack_skicompatible
be_verlichting_stroboscoop		list64		en_GB		verlichting_stroboscoop
nl_backpack_framebackpanel		int				backpack_framebackpanel
sales_realized_last_90_days		float				sales_realized_last_90_days
uk_Gore-tex fabric		list64		en_GB		Gore-tex fabric
uk_watch_type		list64		en_GB		watch_type
nl_light_red		int				light_red
_imageurl		asset		en_GB		_imageurl
nl_backpack_carrysystem_foldaway		int				backpack_carrysystem_foldaway
be_type_gender		list64		en_GB		type_gender
be_verrekijker_prisma		list64		en_GB		verrekijker_prisma
nl_Lawinepiepers_aantal_antennes		int				Lawinepiepers_aantal_antennes
nl_mosquitonet_persons		int				mosquitonet_persons
be_diameter_tube		text		en_GB		diameter_tube
uk_InsulationType_grouped		set64		en_GB		InsulationType_grouped
uk_Picnic_Type		list64		en_GB		Picnic_Type
product_selling_price_0592		float				product_selling_price_0592
be_Accessoires badmode		list64		en_GB		Accessoires badmode
nl_helm_vents_adjustable		int				helm_vents_adjustable
uk_CS_Pumps		list64		en_GB		CS_Pumps
nl_connect_miniusb		int				connect_miniusb
nl_watch_traveltimezone		int				watch_traveltimezone
nl_cam_app		int				cam_app
be_type_gloves		list64		en_GB		type_gloves
uk_CS_Luggage		list64		en_GB		CS_Luggage
product_selling_price_0852		float				product_selling_price_0852
be_ppc_care		list		en_GB		ppc_care
be_ventilatieritsen		list64		en_GB		ventilatieritsen
nl_sunglasses_cat2		int				sunglasses_cat2
de_type_maentel		list64		en_GB		type_maentel
uk_3in1 Jacket Type		list64		en_GB		3in1 Jacket Type
be_isolerend_vermogen		list64		en_GB		isolerend_vermogen
nl_ski_width_end		int				ski_width_end
nl_goggle_lens_interchangeable		int				goggle_lens_interchangeable
nl_skiboots_velcro		int				skiboots_velcro
de_zelt_gestaenge_info		text		en_GB		zelt_gestaenge_info
be_aantal_versnellingen		list64		en_GB		aantal_versnellingen
be_sustainability		list64		en_GB		sustainability
uk_CS_ppc_care		text		en_GB		CS_ppc_care
be_actioncam_microfonen		text				actioncam_microfonen
de_schlafsaecke_daunen_dichte		int				schlafsaecke_daunen_dichte
uk_cycle_packs_luggage_panniers		list64		en_GB		cycle_packs_luggage_panniers
nl_cam_timelapse		int				cam_timelapse
be_voering		list64		en_GB		voering
stock_sufficiency_whs_pickable		int				stock_sufficiency_whs_pickable
uk_Camping_Activity		int				Camping_Activity
be_voeding_lactosevrij		list64		en_GB		voeding_lactosevrij
be_folder categorie		list64		en_GB		folder categorie
be_activewear_reflecterend_detail		list64		en_GB		activewear_reflecterend_detail
product_colour_selling_price0907		float				product_colour_selling_price0907
order_realizedOnline_last_90_days		float				order_realizedOnline_last_90_days
uk_v_saving_amount		float				v_saving_amount
nl_apparel_hood_removable		int				apparel_hood_removable
nl_climbing_carabiner_breakstrenght_shortaxis		float				climbing_carabiner_breakstrenght_shortaxis
uk_Offer_Saving		list64		en_GB		Offer_Saving
be_A4_mogelijk		list64		en_GB		A4_mogelijk
uk_footwear_technology		list64		en_GB		footwear_technology
be_language_bib		list		en_GB		language_bib
sales_qty_last_14_days		int				sales_qty_last_14_days
uk_SR_Ski_Type_Facet		list64		en_GB		SR_Ski_Type_Facet
automatic_search_keywords		asset		en_GB		automatic_search_keywords
be_type_sweater		list64		en_GB		type_sweater
uk_washing equipment		list64		en_GB		washing equipment
be_tent_hoogte		text		en_GB		tent_hoogte
be_type_pomp		list64		en_GB		type_pomp
uk_jacket_type		list64		en_GB		jacket_type
de_v_neue_farbe		int				v_neue_farbe
nl_stove_windscreen_incl		int				stove_windscreen_incl
uk_CS_Cycling_Shoes		list64		en_GB		CS_Cycling_Shoes
uk_CS_Discipline		list64		en_GB		CS_Discipline
uk_SR_Snow_Footwear_Type		list64		en_GB		SR_Snow_Footwear_Type
product_selling_price_0615		float				product_selling_price_0615
delivery_speed		list64				delivery_speed
be_v_base_colour		set		en_GB		v_base_colour
be_fietsen_maten		text		en_GB		fietsen_maten
order_margin_last_7_days		float				order_margin_last_7_days
be_kap_verstelbaar		list64		en_GB		kap_verstelbaar
be_type_slaapmatten		list64		en_GB		type_slaapmatten
be_lichaamsverzorging		list64		en_GB		lichaamsverzorging
nl_lights_distance_maxbrightness		int				lights_distance_maxbrightness
nl_sunglasses_vlt		int				sunglasses_vlt
de_type_werkzeuge		list64		en_GB		type_werkzeuge
de_materialen		text		en_GB		materialen
be_Folderproduct		list64				Folderproduct
be_verstelbare_ruglengte		list64		en_GB		verstelbare_ruglengte
uk_SR_Product_Type_old		list64		en_GB		SR_Product_Type_old
nl_apparel_print		int				apparel_print
be_v_colour_state		list64		en_GB		v_colour_state
uk_RN_Tight_Length		list64		en_GB		RN_Tight_Length
nl_skiboots_walking		int				skiboots_walking
be_vibram_zool		list64		en_GB		vibram_zool
nl_general_length_cm		float				general_length_cm
de_type_zelte		list64		en_GB		type_zelte
product_selling_price_0865		float				product_selling_price_0865
sales_realizedOnline_last_90_days		float				sales_realizedOnline_last_90_days
uk_RN_Trouser_Type		list64		en_GB		RN_Trouser_Type
be_verstelbare_lengte		text		en_GB		verstelbare_lengte
de_type_essen_trinken		list64		en_GB		type_essen_trinken
be_v_extended range		list64				v_extended range
uk_season_rating		list64		en_GB		season_rating
uk_SR_Packs_and_Luggage		list64		en_GB		SR_Packs_and_Luggage
uk_SR_Tent_Berths		list64		en_GB		SR_Tent_Berths
de_seile_lightweight		int				seile_lightweight
uk_SR_Pack_Accessories_Type		list64		en_GB		SR_Pack_Accessories_Type
de_zelt_gestaenge_art		list64		en_GB		zelt_gestaenge_art
product_colour_selling_price0620		float				product_colour_selling_price0620
be_aantal_binnenzakken		list64		en_GB		aantal_binnenzakken
sales_realized_last_1_days		float				sales_realized_last_1_days
be_kampeeraccessoires		list64		en_GB		kampeeraccessoires
uk_CS_Lights_Type		list64		en_GB		CS_Lights_Type
nl_general_water_resistent		int				general_water_resistent
uk_RN_Product_Type		list64		en_GB		RN_Product_Type
sales_realizedOnline_last_3_days		float				sales_realizedOnline_last_3_days
nl_apparel_nohood		int				apparel_nohood
uk_Weight_g		int				Weight_g
nl_light_rechargeable		int				light_rechargeable
uk_trouser_style		list64		en_GB		trouser_style
uk_Sleeping_Mat_Type		list64		en_GB		Sleeping_Mat_Type
be_aantal_buitenzakken		list64		en_GB		aantal_buitenzakken
uk_Casual Footwear Type		list64		en_GB		Casual Footwear Type
productid		int				productid
uk_RN_Top_Type		list64		en_GB		RN_Top_Type
uk_Running_Shoe_Type		list64		en_GB		Running_Shoe_Type
nl_fuel_diesel		int				fuel_diesel
uk_Furniture		list64		en_GB		Furniture
be_voeding_veganistisch		list64		en_GB		voeding_veganistisch
be_type_kap		list64		en_GB		type_kap
uk_Instructional Books		list64		en_GB		Instructional Books
be_kies_rugzak		list64		en_GB		kies_rugzak
uk_fh_gender		list64		en_GB		fh_gender
uk_midlayer_type		list64		en_GB		midlayer_type
uk_Security_type		list64		en_GB		Security_type
be_verrekijker_objectiefdiameter		list64		en_GB		verrekijker_objectiefdiameter
product_selling_price_0905		float				product_selling_price_0905
nl_gps_ontime_hours		int				gps_ontime_hours
nl_general_depth		float				general_depth
uk_SR_ PreOrder Skis		int				SR_ PreOrder Skis
uk_Climbing_shoe_suitability		list64		en_GB		Climbing_shoe_suitability
nl_watch_backlight		int				watch_backlight
de_matten_dicke		float				matten_dicke
nl_climbing_carabiner_breakstrenght_closed		float				climbing_carabiner_breakstrenght_closed
be_type_voeding		list64		en_GB		type_voeding
be_ski_getapete_naden		list64		en_GB		ski_getapete_naden
be_promo_yaya		list64		en_GB		promo_yaya
be_gezelschapspellen_spelers		list64		en_GB		gezelschapspellen_spelers
be_fjallraven_family		list64		en_GB		fjallraven_family
be_onderhoud_onderhoudvan		list64		en_GB		onderhoud_onderhoudvan
be_v_saving_amount		float				v_saving_amount
uk_SR_Kjus Offer		list64		en_GB		SR_Kjus Offer
uk_New Season		int				New Season
stock_qty_supplier		int				stock_qty_supplier
de_moebel_maße_eingeklappt_l		int				moebel_maße_eingeklappt_l
nl_bever_presale		int				bever_presale
be_Boot_flex		list64		en_GB		Boot_flex
be_juttu_type_textiel		list64		en_GB		juttu_type_textiel
be_verzorging_categorie		list64		en_GB		verzorging_categorie
be_tent_persons		list64		en_GB		tent_persons
be_Seizoen_FH		list64		en_GB		Seizoen_FH
uk_GPS and Navigation		list64		en_GB		GPS and Navigation
be_waterkolom_buitentent		list64		en_GB		waterkolom_buitentent
uk_Stove type		list64		en_GB		Stove type
be_scherm		text		en_GB		scherm
be_type_boek		list64		en_GB		type_boek
nl_travelpack_shoulderstrap		int				travelpack_shoulderstrap
be_type_shoes_adults		list64		en_GB		type_shoes_adults
nl_tent_watercolumn_floor		float				tent_watercolumn_floor
be_Type juweel		list64		en_GB		Type juweel
product_colour_selling_price0740		float				product_colour_selling_price0740
be_Kleding_accessoires		list64		en_GB		Kleding_accessoires
be_folder_categorie_2		list64		en_GB		folder_categorie_2
order_realized_last_1_days		float				order_realized_last_1_days
de_size_description		set		en_GB		de_size_description
be_ski_duimgat		list64		en_GB		ski_duimgat
uk_Other camping accessories		list64		en_GB		Other camping accessories
be_type_hals		list64		en_GB		type_hals
uk_SR_Electronics_Type		list64		en_GB		SR_Electronics_Type
nl_apparel_quickdry		int				apparel_quickdry
be_type_slaapzak		list64		en_GB		type_slaapzak
be_waterkolom_grondzeil		list64		en_GB		waterkolom_grondzeil
be_gender		list64		en_GB		be_gender
nl_bike_pad_incl		int				bike_pad_incl
nl_light_strap_adjustable		int				light_strap_adjustable
nl_lights_ontime_minbrightness		int				lights_ontime_minbrightness
nl_apparel_thumb_loops		int				apparel_thumb_loops
be_v_trends_4		list64		en_GB		v_trends_4
uk_Running_Activity		int				Running_Activity
de_geeignet_fur		set64		en_GB		geeignet_fur
be_voorvork		text		en_GB		voorvork
be_vulkracht		list64		en_GB		vulkracht
nl_fuel_bio		int				fuel_bio
nl_helm_ventilation		int				helm_ventilation
nl_connect_bluetooth		int				connect_bluetooth
be_type_cooking		list64		en_GB		type_cooking
uk_ppc_care		text		en_GB		ppc_care
de_schlafsaecke_fußmaß		int				schlafsaecke_fußmaß
be_smart_notifications		list64		en_GB		smart_notifications
uk_tent type		set64		en_GB		tent type
de_all_gewicht_gramm		float				all_gewicht_gramm
de_type_aktivität		list64		en_GB		type_aktivität
be_type_reisaccessoire		list64		en_GB		type_reisaccessoire
be_ski_opening_koptelefoon		list64		en_GB		ski_opening_koptelefoon
uk_bt_rn_shoe_type		list64		en_GB		bt_rn_shoe_type
be_verrekijker vergrotingsfactor		list64		en_GB		verrekijker vergrotingsfactor
be_tenten_type_stokken		list64		en_GB		tenten_type_stokken
be_handbagage		list64		en_GB		handbagage
uk_RN_New_Season_Hidden_Facet		int				RN_New_Season_Hidden_Facet
nl_portable_power_capacity		int				portable_power_capacity
be_season_aut		list64		en_GB		season_aut
nl_bib_digital		int				bib_digital
be_language		list64		en_GB		language
uk_Visible CS		int				Visible CS
nl_tent_outertent_length		float				tent_outertent_length
nl_footwear_crampon_step_in		int				footwear_crampon_step_in
nl_watches_activity_tracker		int				watches_activity_tracker
be_type_toilettas		list64		en_GB		type_toilettas
product_colour_selling_price0615		float				product_colour_selling_price0615
be_Type sjaal		list64		en_GB		Type sjaal
uk_CS_Tyres		list64		en_GB		CS_Tyres
nl_backpack_glassespocket		int				backpack_glassespocket
be_fotochromatisch		list64				fotochromatisch
nl_bever_folder_insert_discount		int				bever_folder_insert_discount
uk_product type		list64		en_GB		product type
be_hoofdlamp_lichtbundel		list64		en_GB		hoofdlamp_lichtbundel
order_qty_last_3_days		int				order_qty_last_3_days
brand		list		en_GB		brand
uk_CS_Triathlon_Clothing		list64		en_GB		CS_Triathlon_Clothing
nl_apparel_zipoff		int				apparel_zipoff
id_colour		int				id_colour
product_selling_price_0860		float				product_selling_price_0860
be_meettoestellen_bandjevervangbaar		list64		en_GB		meettoestellen_bandjevervangbaar
nl_tent_stakes		int				tent_stakes
nl_knife_functions		int				knife_functions
nl_tent_innertent_height		float				tent_innertent_height
uk_Library product		list64		en_GB		Library product
be_make_up		list64		en_GB		make_up
uk_SR_Clothing_Type		list64		en_GB		SR_Clothing_Type
product_seo_url		asset		en_GB		product_seo_url
de_type_bergsport		list64		en_GB		type_bergsport
be_Radius		list		en_GB		Radius
stock_qty_whs_pickable		int				stock_qty_whs_pickable
be_binnenbroek		list64		en_GB		binnenbroek
uk_uk_zip_position		list64		en_GB		uk_zip_position
uk_travel_protection_type		list64		en_GB		travel_protection_type
de_zelt_wassersaeule_außerzelt		int				zelt_wassersaeule_außerzelt
customer_rating		set				customer_rating
de_all_hoehe		float				all_hoehe
de_type_Rucksaecke		list64		en_GB		type_Rucksaecke
be_zonnebrillen_departement		list64		en_GB		zonnebrillen_departement
uk_base_layer_material		list64		en_GB		base_layer_material
uk_SleepingBagType_grouped		set64		en_GB		SleepingBagType_grouped
be_opbergzak		list64		en_GB		opbergzak
uk_JacketFeatures_grouped		set64		en_GB		JacketFeatures_grouped
product_selling_price_0908		float				product_selling_price_0908
uk_Pole Type		list64		en_GB		Pole Type
product_selling_price_0855		float				product_selling_price_0855
de_neu		int				neu
de_type_jacke		list64		en_GB		type_jacke
be_inhoud_tas		list64		en_GB		inhoud_tas
v_delivery_speed		list64				v_delivery_speed
nl_goggle_double_lens		int				goggle_double_lens
de_type_handschuhe		list64		en_GB		type_handschuhe
product_selling_price_0909		float				product_selling_price_0909
be_actioncam_voice_command		list64		en_GB		actioncam_voice_command
product_colour_selling_price0871		float				product_colour_selling_price0871
order_margin_last_90_days		float				order_margin_last_90_days
be_meubels		list64		en_GB		meubels
product_selling_price_0856		float				product_selling_price_0856
uk_Footwear accessories		list64		en_GB		Footwear accessories
be_gezelschapspellen_leeftijd		list64		en_GB		gezelschapspellen_leeftijd
be_product_type		list64		en_GB		product_type
de_commercial_size		set		en_GB		de_commercial_size
uk_SR_Climbing_Equipment		list64		en_GB		SR_Climbing_Equipment
uk_SR_Cooking_Type		list64		en_GB		SR_Cooking_Type
uk_Tent_size		list64		en_GB		Tent_size
uk_SR_New		int				SR_New
nl_backpack_adjustablebackpanel		int				backpack_adjustablebackpanel
product_selling_price_0869		float				product_selling_price_0869
nl_top_product		int				top_product
be_Batterijen		list64		en_GB		Batterijen
uk_CS_New_Season_Hidden_Facet		int				CS_New_Season_Hidden_Facet
uk_SR_ppc_care		text		en_GB		SR_ppc_care
uk_Map_scale		list64		en_GB		Map_scale
de_schlafsaecke_koppelbar		int				schlafsaecke_koppelbar
nl_sleepingbag_down_fillweight		int				sleepingbag_down_fillweight
uk_SR_Kids_Clothing_Type		list64		en_GB		SR_Kids_Clothing_Type
de_rucksaecke_hauptmaterial		text		en_GB		rucksaecke_hauptmaterial
uk_CS_Helmet_Discipline		list64		en_GB		CS_Helmet_Discipline
be_Inhoud_FH		text		en_GB		Inhoud_FH
nl_watch_route_nav		int				watch_route_nav
uk_CS_New		list64				CS_New
nl_backpack_hydrationsystem		int				backpack_hydrationsystem
be_v_de_keuze_van		list64		en_GB		v_de_keuze_van
be_transport		list64		en_GB		transport
be_actioncam_quikstory		list64		en_GB		actioncam_quikstory
nl_skibinding_skiwidth		int				skibinding_skiwidth
be_Leest (voorvoet)		list64		en_GB		Leest (voorvoet)
nl_lights_dim		int				lights_dim
be_Wandelaccessoires		list64		en_GB		Wandelaccessoires
nl_sunglasses_photochromic		int				sunglasses_photochromic
uk_SR_Snowboard_Boot_Flex		list64		en_GB		SR_Snowboard_Boot_Flex
uk_Guide Book Type		list64		en_GB		Guide Book Type
uk_Range		list64		en_GB		Range
uk_CS_Brakes		list64		en_GB		CS_Brakes
be_activewear_type_bh		list64		en_GB		activewear_type_bh
uk_RN_Electronics_Type		list64		en_GB		RN_Electronics_Type
product_selling_price_0618		float				product_selling_price_0618
de_aktion		list64		en_GB		aktion
uk_SR_Avalanche_Safety_Type		list64		en_GB		SR_Avalanche_Safety_Type
be_bib_continent		list64		en_GB		bib_continent
uk_SR_Childrens_Gender		list64		en_GB		SR_Childrens_Gender
buyinggroup_l3_code		list				buyinggroup_l3_code
uk_Daysack Type		list64		en_GB		Daysack Type
be_lengte_rok		list64		en_GB		lengte_rok
sales_realized_last_14_days		float				sales_realized_last_14_days
be_type_meettoestel		list64		en_GB		type_meettoestel
uk_SR_Toiletries_type		list		en_GB		SR_Toiletries_type
de_schuhe_schafthoehe		list64		en_GB		schuhe_schafthoehe
uk_Rucksack type		list64		en_GB		Rucksack type
be_dikte_slaapmat		list64		en_GB		dikte_slaapmat
be_slaapzak_seizoen		list64		en_GB		slaapzak_seizoen
uk_SR_Stoves_Fuel		list		en_GB		SR_Stoves_Fuel
uk_Garmin_Series		list64		en_GB		Garmin_Series
uk_Rucksack accessories		list64		en_GB		Rucksack accessories
uk_Climbing_Activity		int				Climbing_Activity
be_messen_lengte_gesloten		text		en_GB		messen_lengte_gesloten
de_v_discount		int				v_discount
uk_GPS Type		list64		en_GB		GPS Type
be_regenhoes		list64		en_GB		regenhoes
nl_gps_number_batteries		int				gps_number_batteries
be_verhouding_dons_veer		text		en_GB		verhouding_dons_veer
uk_CS_Wheel_Size		list64		en_GB		CS_Wheel_Size
be_onderhoud_typeproduct		list64		en_GB		onderhoud_typeproduct
nl_gps_basemap		int				gps_basemap
nl_gps_barometer		int				gps_barometer
nl_backpack_rolling		int				backpack_rolling
be_merk_elektrische_aandrijving		text		en_GB		merk_elektrische_aandrijving
be_slaapzak_rits		list64		en_GB		slaapzak_rits
de_zelt_belueftung		int				zelt_belueftung
be_porties_maaltijden		list64		en_GB		porties_maaltijden
product_colour_selling_price0616		float				product_colour_selling_price0616
uk_CS_Suspension_Type		list64		en_GB		CS_Suspension_Type
nl_sleepingbags_windbaffle		int				sleepingbags_windbaffle
be_kompas_janee		list64				kompas_janee
uk_Outdoor Literature		list64		en_GB		Outdoor Literature
product_colour_selling_price0908		float				product_colour_selling_price0908
nl_chair_maxweight		int				chair_maxweight
stock_sufficiency_total		int				stock_sufficiency_total
order_qty_last_30_days		int				order_qty_last_30_days
product_selling_price_0872		float				product_selling_price_0872
product_colour_selling_price0855		float				product_colour_selling_price0855
be_helm_buitenkant		list64		en_GB		helm_buitenkant
nl_poles_max_length		int				poles_max_length
nl_connect_wifi		int				connect_wifi
nl_general_inhoudliter		float				general_inhoudliter
nl_helm_goggleclip		int				helm_goggleclip
be_voeding_glutenvrij		list64		en_GB		voeding_glutenvrij
uk_clothing type		list64		en_GB		clothing type
product_selling_price_0740		float				product_selling_price_0740
de_type_Radbekleidung		list64		en_GB		type_Radbekleidung
de_zelt_innenzelt_h		int				zelt_innenzelt_h
nl_climbing_rope_dynamicstretch		int				climbing_rope_dynamicstretch
be_navigatie_meten		list64		en_GB		navigatie_meten
uk_SR_Baselayers		list64		en_GB		SR_Baselayers
uk_Mountaineering_Activity		int				Mountaineering_Activity
uk_Sock_length		list64		en_GB		Sock_length
nl_backpack_snowboardcompatible		int				backpack_snowboardcompatible
be_aantal_compartimenten		list64		en_GB		aantal_compartimenten
de_type_schlafsaecke		list64		en_GB		type_schlafsaecke
nl_lights_numberofbatteries		int				lights_numberofbatteries
nl_general_weight_gram		float				general_weight_gram
uk_Technology_grouped		set64		en_GB		Technology_grouped
nl_goggle_vent		int				goggle_vent
be_verrekijker_garantie		list64		en_GB		verrekijker_garantie
order_realizedOnline_last_7_days		float				order_realizedOnline_last_7_days
nl_backpack_front_acces		int				backpack_front_acces
uk_fill_type		list64		en_GB		fill_type
uk_Exclude_from_International		int				Exclude_from_International
be_activewear_zakje_rugpand		list64		en_GB		activewear_zakje_rugpand
uk_SR_Legwear		list64		en_GB		SR_Legwear
de_moebel_maße_eingeklappt_b		int				moebel_maße_eingeklappt_b
be_Frame		list64		en_GB		Frame
uk_Childrens		list64		en_GB		Childrens
uk_Camping Product Type		list64		en_GB		Camping Product Type
be_autonomie_baterij		text		en_GB		autonomie_baterij
uk_CS_Road_Bike_Type		list64		en_GB		CS_Road_Bike_Type
be_badmode_trends		list64		en_GB		badmode_trends
nl_tent_watercolumn_canopy		float				tent_watercolumn_canopy
de_type_hygiene		list64		en_GB		type_hygiene
be_activiteit_schoenen		list64		en_GB		activiteit_schoenen
uk_TentType_grouped		set64		en_GB		TentType_grouped
nl_bottles_insulating		int				bottles_insulating
be_lengte_jurk		text		en_GB		lengte_jurk
de_v_saving_amount		float				v_saving_amount
nl_cam_OIS		int				cam_OIS
de_seile_vorstieg		int				seile_vorstieg
order_realizedOnline_last_1_days		float				order_realizedOnline_last_1_days
nl_fuel_colemanfuel		int				fuel_colemanfuel
nl_watches_depth_underwater		int				watches_depth_underwater
be_seizoen_fietsen		list64		en_GB		seizoen_fietsen
be_type_bike		list64		en_GB		type_bike
product_selling_price_0907		float				product_selling_price_0907
de_schlafsaecke_jahreszeiten		list64		en_GB		schlafsaecke_jahreszeiten
uk_SR_Kids_Equipment		list64		en_GB		SR_Kids_Equipment
nl_bottles_dishwashersafe		int				bottles_dishwashersafe
be_afneembare_bandjes		list64		en_GB		afneembare_bandjes
nl_gps_charging_time		float				gps_charging_time
de_type_matten		list64		en_GB		type_matten
uk_CS_Seating		list64		en_GB		CS_Seating
sales_realizedOnline_last_7_days		float				sales_realizedOnline_last_7_days
be_zonnebrillen_activiteit		list64		en_GB		zonnebrillen_activiteit
uk_Skiing_Activity		int				Skiing_Activity
be_meettoestellen_aanraakscherm		list64		en_GB		meettoestellen_aanraakscherm
uk_DofE Product Type		list64		en_GB		DofE Product Type
uk_Road Running Shoe		list64		en_GB		Road Running Shoe
uk_Book Type		list64		en_GB		Book Type
nl_apparel_pit_zips		int				apparel_pit_zips
uk_CS_Models		list64		en_GB		CS_Models
nl_v_ronde_prijs		list64				v_ronde_prijs
be_ski_breedte_voorvoet		list64		en_GB		ski_breedte_voorvoet
uk_Active_Type		list64		en_GB		Active_Type
be_ecocheques_accepted		int				ecocheques_accepted
uk_trouser_type		list64		en_GB		trouser_type
be_stretch		list64		en_GB		stretch
be_lengte_broek		list64		en_GB		lengte_broek
de_type_Rucksäcke		list64		en_GB		type_Rucksäcke
be_handgreep		text		en_GB		handgreep
be_type_bike_bag		list64		en_GB		type_bike_bag
de_matten_rwert		float				matten_rwert
be_actioncam_touch_zoom		list64		en_GB		actioncam_touch_zoom
be_EHBO		list64		en_GB		EHBO
de_schlafsaecke_temp_comfort		list64		en_GB		schlafsaecke_temp_comfort
company_in_web		int				company_in_web
uk_Fleece Features		set64		en_GB		Fleece Features
be_trends		list64		en_GB		trends
nl_backpack_trekkingpolescompatible		int				backpack_trekkingpolescompatible
be_promo_3lagen		list64		en_GB		promo_3lagen
nl_bike_pad_removeable		int				bike_pad_removeable
be_verlichting_afstand		text		en_GB		verlichting_afstand
be_greenshape		list64		en_GB		greenshape
product_colour_selling_price0872		float				product_colour_selling_price0872
nl_knife_length_lemmet		float				knife_length_lemmet
be_categorie_brillen		list64		en_GB		categorie_brillen
sales_margin_last_14_days		float				sales_margin_last_14_days
be_meettoestellen_locatie_track		list64		en_GB		meettoestellen_locatie_track
order_realized_last_30_days		float				order_realized_last_30_days
nl_sleepingbag_width_feet		float				sleepingbag_width_feet
uk_SR_Sunglasses_Product_Type		list		en_GB		SR_Sunglasses_Product_Type
product_id_colour		int				product_id_colour
be_type_knife		list64		en_GB		type_knife
de_type_hosen		list64		en_GB		type_hosen
nl_general_width_cm		float				general_width_cm
de_v_discount_rrp		int				v_discount_rrp
de_schlafsaecke_temp_extrem		int		en_GB		schlafsaecke_temp_extrem
uk_SR_Season		list		en_GB		SR_Season
nl_gps_batteries_incl		int				gps_batteries_incl
nl_lights_distance_minbrightness		int				lights_distance_minbrightness
be_vermogen_batterij		list64		en_GB		vermogen_batterij
be_type_fietsverlichting		list64		en_GB		type_fietsverlichting
nl_backpack_hydration_incl		int				backpack_hydration_incl
uk_Base layer performance		list64		en_GB		Base layer performance
web_only_v		int				web_only_v
product_selling_price_0617		float				product_selling_price_0617
be_pakvolume		text		en_GB		pakvolume
uk_CS_Shoe_Type		list64		en_GB		CS_Shoe_Type
de_type_zeltzubehoer		list64		en_GB		type_zeltzubehoer
be_tent_materiaalbinnentent		text		en_GB		tent_materiaalbinnentent
be_type_bag		list64		en_GB		type_bag
de_zelt_außenzelt_l		int				zelt_außenzelt_l
be_bpa_vrij		list64		en_GB		bpa_vrij
be_wenskaart		list64		en_GB		wenskaart
uk_Skin Protection Type		list64		en_GB		Skin Protection Type
product_colour_selling_price0617		float				product_colour_selling_price0617
be_bib_country		list		en_GB		bib_country
nl_backpack_framedemountable		int				backpack_framedemountable
uk_CS_Clothing_Type_New		list64		en_GB		CS_Clothing_Type_New
nl_bino_view_at_1000m		int				bino_view_at_1000m
nl_run_heeldrop		int				run_heeldrop
uk_Popular_destination		list64		en_GB		Popular_destination
uk_RN_Shoe_Type		list64		en_GB		RN_Shoe_Type
nl_skiboot_flex		int				skiboot_flex
nl_backpack_sidepockets		int				backpack_sidepockets
uk_Power_type		list64		en_GB		Power_type
nl_general_weight_kg		float				general_weight_kg
be_systeemritssluiting_jw		list64		en_GB		systeemritssluiting_jw
uk_Drinks Bottles & Flasks		list64		en_GB		Drinks Bottles & Flasks
order_realizedOnline_last_3_days		float				order_realizedOnline_last_3_days
uk_SR_SS18		list64		en_GB		SR_SS18
uk_SR_SummerSale New		int				SR_SummerSale New
nl_climbing_sling_breakstrength		float				climbing_sling_breakstrength
sales_margin_last_90_days		float				sales_margin_last_90_days
be_home_filtering		list64		en_GB		home_filtering
uk_Trailshoetype_grouped		set64		en_GB		Trailshoetype_grouped
nl_backpack_detachedbackpanel		int				backpack_detachedbackpanel
de_zelt_material_außenzelt		text		en_GB		zelt_material_außenzelt
nl_helm_earpad_removeable		int				helm_earpad_removeable
be_verrekijker_eye_relief		text		en_GB		verrekijker_eye_relief
nl_v_promoted product		list64				v_promoted product
de_zelt_wassersaeule_boden		int				zelt_wassersaeule_boden
de_schlafsaecke_koerpergroeße		int				schlafsaecke_koerpergroeße
be_ski_verstelbare_tailleband		list64		en_GB		ski_verstelbare_tailleband
nl_connect_HDMI		int				connect_HDMI
nl_backpack_tabletsleeve		int				backpack_tabletsleeve
be_slot_reistas		list64		en_GB		slot_reistas
be_ski_voorgevormde_knieen		list64				ski_voorgevormde_knieen
be_Visible TNF		int				Visible TNF
uk_size_description		set		en_GB		uk_size_description
nl_goggle_antifog		int				goggle_antifog
order_realizedOnline_last_14_days		float				order_realizedOnline_last_14_days
